"account_id","customer_id","product_id","account_number","join_date","maturity_date","contract_months","deposit_amount","monthly_amount","current_balance","account_status","applied_rate","created_at"
1,1,3,"280-910044-00001",2018-01-21,2022-02-21,49,,414557,20313293,MATURED,2.32,2021-05-19
226,2,7,"280-910044-00226",2024-05-18,2026-01-18,20,,292312,5846240,MATURED,6.12,2025-05-18
225,2,7,"280-910044-00225",2024-05-18,2025-10-18,17,,262668,4465356,MATURED,8.72,2024-05-18
454,3,7,"280-910044-00454",2019-02-03,2019-07-03,5,,300000,1500000,MATURED,9.35,2021-05-19
453,3,7,"280-910044-00453",2019-10-25,2020-01-25,3,,276886,830658,MATURED,8.86,2025-05-18
482,4,3,"280-910044-00482",2024-05-18,2026-08-18,27,,883678,21208272,ACTIVE,3.27,2024-05-18
481,4,3,"280-910044-00481",2024-05-18,2025-07-18,14,,937165,13120310,MATURED,2.04,2024-05-18
480,4,3,"280-910044-00480",2024-05-18,2029-11-18,66,,505571,12133704,ACTIVE,3.12,2024-05-18
479,4,3,"280-910044-00479",2024-05-18,2026-03-18,22,,113730,2502060,MATURED,3.06,2025-05-18
501,5,4,"280-910044-00501",2018-11-15,2024-04-15,65,,709975,46148375,MATURED,2.86,2021-05-19
500,5,4,"280-910044-00500",2026-03-23,2026-11-23,8,,788614,788614,ACTIVE,3.24,2022-05-19
499,5,4,"280-910044-00499",2020-04-30,2021-11-30,19,,957125,18185375,MATURED,2.59,2018-05-20
523,6,3,"280-910044-00523",2018-12-22,2020-10-22,22,,405684,8925048,MATURED,3.29,2024-05-18
522,6,3,"280-910044-00522",2023-10-06,2027-07-06,45,,578628,17937468,ACTIVE,2.89,2014-05-21
541,7,6,"280-910044-00541",2017-02-21,2019-01-21,23,,500000,11500000,MATURED,4.06,2013-05-21
540,7,6,"280-910044-00540",2020-09-08,2022-11-08,26,,500000,13000000,MATURED,2.61,2013-05-21
559,8,1,"280-910044-00559",2019-07-24,2021-09-24,26,45865491,,45865491,MATURED,1.82,2014-05-21
558,8,1,"280-910044-00558",2023-08-27,2024-12-27,16,10221577,,10221577,MATURED,2.20,2011-05-22
583,9,5,"280-910044-00583",2021-04-04,2022-04-04,12,,300000,3600000,MATURED,4.42,2025-05-18
582,9,5,"280-910044-00582",2026-03-30,2027-03-30,12,,300000,300000,ACTIVE,4.38,2011-05-22
581,9,5,"280-910044-00581",2021-03-23,2022-03-23,12,,300000,3600000,MATURED,2.33,2004-05-23
4,10,9,"280-910044-00004",2024-05-18,2024-11-18,6,,214769,1288614,MATURED,2.61,2024-05-18
3,10,9,"280-910044-00003",2024-05-18,2026-03-18,22,,781556,17194232,MATURED,2.69,2024-05-18
2,10,9,"280-910044-00002",2024-05-18,2026-11-18,30,,101991,2447784,ACTIVE,2.64,2024-05-18
24,11,2,"280-910044-00024",2018-06-03,2019-09-03,15,,200000,3000000,MATURED,4.81,2023-05-19
48,12,1,"280-910044-00048",2016-12-26,2018-08-26,20,20331533,,20331533,MATURED,1.98,2013-05-21
47,12,1,"280-910044-00047",2024-03-11,2024-08-11,5,31941173,,31941173,MATURED,2.04,2017-05-20
77,13,3,"280-910044-00077",2025-06-04,2028-03-04,33,,252902,2781922,ACTIVE,2.56,2003-05-24
76,13,3,"280-910044-00076",2016-09-28,2018-09-28,24,,357007,8568168,MATURED,1.87,2015-05-21
102,14,1,"280-910044-00102",2025-01-13,2025-12-13,11,4991852,,4991852,MATURED,1.94,2022-05-19
122,15,4,"280-910044-00122",2023-08-03,2029-06-03,70,,732090,24158970,ACTIVE,2.92,2014-05-21
144,16,4,"280-910044-00144",2021-05-27,2026-07-27,62,,905797,54347820,ACTIVE,2.51,2016-05-20
166,17,8,"280-910044-00166",2019-05-20,2022-05-20,36,,130692,4704912,MATURED,5.90,2019-05-20
165,17,8,"280-910044-00165",2023-07-03,2026-07-03,36,,300000,10500000,ACTIVE,5.86,2019-05-20
187,18,8,"280-910044-00187",2024-02-07,2027-02-07,36,,300000,8100000,ACTIVE,5.51,2014-05-21
206,19,10,"280-910044-00206",2021-05-19,2026-02-19,57,13074466,,13074466,MATURED,1.54,2022-05-19
205,19,10,"280-910044-00205",2025-06-30,2025-10-30,4,27979509,,27979509,MATURED,1.85,2021-05-19
229,20,3,"280-910044-00229",2022-04-24,2028-02-24,70,,312207,15298143,ACTIVE,2.03,2023-05-19
228,20,3,"280-910044-00228",2017-02-11,2020-09-11,43,,211325,9086975,MATURED,1.93,2016-05-20
227,20,3,"280-910044-00227",2020-05-03,2024-09-03,52,,421365,21910980,MATURED,2.31,2022-05-19
252,21,2,"280-910044-00252",2024-09-11,2026-11-11,26,,200000,4000000,ACTIVE,3.75,2015-05-21
251,21,2,"280-910044-00251",2022-01-14,2025-07-14,42,,200000,8400000,MATURED,3.99,2016-05-20
250,21,2,"280-910044-00250",2020-06-23,2024-01-23,43,,200000,8600000,MATURED,3.78,2016-05-20
279,22,9,"280-910044-00279",2017-08-11,2018-09-11,13,,965764,12554932,MATURED,2.60,2024-05-18
278,22,9,"280-910044-00278",2019-09-29,2020-07-29,10,,120954,1209540,MATURED,2.37,2012-05-21
298,23,7,"280-910044-00298",2024-03-23,2025-06-23,15,,300000,4500000,MATURED,6.38,2008-05-22
297,23,7,"280-910044-00297",2018-09-28,2020-07-28,22,,300000,6600000,MATURED,5.52,2008-05-22
320,24,5,"280-910044-00320",2018-05-20,2019-05-20,12,,257076,3084912,MATURED,2.32,2018-05-20
319,24,5,"280-910044-00319",2018-05-20,2019-05-20,12,,300000,3600000,MATURED,3.78,2020-05-19
318,24,5,"280-910044-00318",2025-04-06,2026-04-06,12,,300000,3600000,MATURED,3.88,2021-05-19
342,25,8,"280-910044-00342",2025-05-18,2028-05-18,36,,300000,3600000,ACTIVE,5.68,2025-05-18
341,25,8,"280-910044-00341",2025-05-18,2028-05-18,36,,300000,3600000,ACTIVE,5.78,2025-05-18
364,26,4,"280-910044-00364",2018-12-02,2024-09-02,69,,326557,22532433,MATURED,2.32,2018-05-20
390,27,7,"280-910044-00390",2023-05-19,2025-05-19,24,,300000,7200000,MATURED,7.34,2023-05-19
389,27,7,"280-910044-00389",2024-12-02,2026-06-02,18,,214003,3638051,ACTIVE,10.33,2023-05-19
411,28,6,"280-910044-00411",2024-03-03,2026-10-03,31,,479968,12479168,ACTIVE,3.68,2017-05-20
410,28,6,"280-910044-00410",2020-01-03,2022-05-03,28,,174835,4895380,MATURED,3.11,2012-05-21
427,29,5,"280-910044-00427",2022-10-01,2023-10-01,12,,300000,3600000,MATURED,3.65,2017-05-20
456,30,4,"280-910044-00456",2025-05-18,2029-05-18,48,,844050,10128600,ACTIVE,2.41,2025-05-18
455,30,4,"280-910044-00455",2025-05-18,2030-08-18,63,,725152,8701824,ACTIVE,3.11,2025-05-18
461,31,4,"280-910044-00461",2022-01-07,2027-05-07,64,,264345,14010285,ACTIVE,2.38,2021-05-19
460,31,4,"280-910044-00460",2021-05-19,2024-09-19,40,,489469,19578760,MATURED,3.05,2021-05-19
459,31,4,"280-910044-00459",2025-03-04,2026-04-04,13,,287875,3742375,MATURED,2.16,2021-05-19
462,32,2,"280-910044-00462",2022-07-14,2025-07-14,36,,178625,6430500,MATURED,4.20,2010-05-22
464,33,4,"280-910044-00464",2021-05-19,2025-12-19,55,,120535,6629425,MATURED,2.67,2021-05-19
463,33,4,"280-910044-00463",2021-09-01,2025-11-01,50,,99524,4976200,MATURED,3.02,2021-05-19
466,34,4,"280-910044-00466",2023-02-03,2026-01-03,35,,589407,20629245,MATURED,2.26,2013-05-21
465,34,4,"280-910044-00465",2019-03-25,2021-05-25,26,,428975,11153350,MATURED,3.09,2017-05-20
469,35,2,"280-910044-00469",2025-04-10,2027-04-10,24,,200000,2600000,ACTIVE,3.84,2010-05-22
468,35,2,"280-910044-00468",2021-12-24,2023-10-24,22,,200000,4400000,MATURED,4.37,2010-05-22
467,35,2,"280-910044-00467",2019-07-25,2023-04-25,45,,200000,9000000,MATURED,4.56,2025-05-18
472,36,10,"280-910044-00472",2024-12-07,2027-10-07,34,3611708,,3611708,ACTIVE,1.72,2012-05-21
471,36,10,"280-910044-00471",2023-09-11,2027-09-11,48,42012469,,42012469,ACTIVE,2.03,2017-05-20
470,36,10,"280-910044-00470",2017-02-01,2019-09-01,31,29476874,,29476874,MATURED,2.20,2012-05-21
474,37,8,"280-910044-00474",2021-09-18,2024-09-18,36,,133784,4816224,MATURED,5.70,2020-05-19
473,37,8,"280-910044-00473",2020-05-19,2023-05-19,36,,300000,10800000,MATURED,5.90,2020-05-19
477,38,3,"280-910044-00477",2023-09-10,2026-07-10,34,,363492,11631744,ACTIVE,3.16,2022-05-19
476,38,3,"280-910044-00476",2022-05-19,2023-10-19,17,,956092,16253564,MATURED,3.07,2022-05-19
475,38,3,"280-910044-00475",2023-05-08,2027-02-08,45,,536617,19318212,ACTIVE,3.22,2022-05-19
478,39,8,"280-910044-00478",2024-06-09,2027-06-09,36,,300000,6900000,ACTIVE,5.52,2009-05-22
483,40,3,"280-910044-00483",2020-01-11,2021-09-11,20,,704341,14086820,MATURED,1.69,2016-05-20
484,41,8,"280-910044-00484",2020-11-22,2023-11-22,36,,283995,10223820,MATURED,5.76,2025-05-18
486,42,7,"280-910044-00486",2022-05-19,2024-03-19,22,,112141,2467102,MATURED,8.24,2022-05-19
485,42,7,"280-910044-00485",2022-05-19,2022-10-19,5,,300000,1500000,MATURED,8.62,2022-05-19
488,43,3,"280-910044-00488",2023-10-04,2027-10-04,48,,371898,11528838,ACTIVE,2.50,2025-05-18
487,43,3,"280-910044-00487",2023-12-18,2025-12-18,24,,145410,3489840,MATURED,2.23,2022-05-19
489,44,8,"280-910044-00489",2021-11-10,2024-11-10,36,,300000,10800000,MATURED,5.88,2016-05-20
492,45,3,"280-910044-00492",2023-10-01,2026-12-01,38,,678307,21705824,ACTIVE,1.69,2013-05-21
491,45,3,"280-910044-00491",2019-03-01,2023-02-01,47,,571273,26849831,MATURED,1.85,2020-05-19
490,45,3,"280-910044-00490",2024-10-02,2030-09-02,71,,220641,4192179,CLOSED,3.27,2013-05-21
495,46,3,"280-910044-00495",2025-05-18,2029-12-18,55,,56336,676032,ACTIVE,2.27,2025-05-18
494,46,3,"280-910044-00494",2025-05-18,2029-06-18,49,,23570,282840,ACTIVE,2.53,2025-05-18
493,46,3,"280-910044-00493",2025-05-18,2029-01-18,44,,26115,313380,ACTIVE,1.70,2025-05-18
496,47,9,"280-910044-00496",2025-07-06,2026-03-06,8,,122793,982344,MATURED,2.32,2019-05-20
497,48,3,"280-910044-00497",2022-02-10,2023-10-10,20,,374283,7485660,MATURED,2.38,2013-05-21
498,49,5,"280-910044-00498",2023-05-19,2024-05-19,12,,300000,3600000,MATURED,2.98,2023-05-19
503,50,10,"280-910044-00503",2023-12-22,2027-10-22,46,42939755,,42939755,ACTIVE,1.44,2009-05-22
502,50,10,"280-910044-00502",2024-08-21,2024-09-21,1,31808566,,31808566,MATURED,1.58,2008-05-22
504,51,6,"280-910044-00504",2023-06-02,2025-06-02,24,,500000,12000000,MATURED,2.96,2004-05-23
506,52,8,"280-910044-00506",2025-10-30,2028-10-30,36,,300000,1800000,ACTIVE,5.63,2025-05-18
505,52,8,"280-910044-00505",2025-05-18,2028-05-18,36,,261545,3138540,ACTIVE,5.76,2025-05-18
509,53,2,"280-910044-00509",2023-05-19,2026-07-19,38,,200000,7200000,ACTIVE,3.63,2023-05-19
508,53,2,"280-910044-00508",2023-05-19,2027-12-19,55,,200000,7200000,CLOSED,4.87,2023-05-19
507,53,2,"280-910044-00507",2023-05-19,2027-04-19,47,,200000,7200000,ACTIVE,4.13,2023-05-19
512,54,8,"280-910044-00512",2025-05-18,2028-05-18,36,,253883,3046596,ACTIVE,5.53,2025-05-18
511,54,8,"280-910044-00511",2025-07-09,2028-07-09,36,,300000,3000000,ACTIVE,5.97,2025-05-18
510,54,8,"280-910044-00510",2025-05-18,2028-05-18,36,,300000,3600000,ACTIVE,5.91,2025-05-18
514,55,10,"280-910044-00514",2021-05-19,2022-10-19,17,15938131,,15938131,MATURED,1.50,2021-05-19
513,55,10,"280-910044-00513",2021-05-19,2023-05-19,24,38804187,,38804187,MATURED,1.64,2021-05-19
516,56,9,"280-910044-00516",2023-02-05,2026-02-05,36,,248356,8940816,MATURED,2.54,2022-05-19
515,56,9,"280-910044-00515",2022-05-19,2022-12-19,7,,66446,465122,MATURED,2.56,2022-05-19
517,57,2,"280-910044-00517",2019-07-05,2023-05-05,46,,200000,9200000,MATURED,4.01,2014-05-21
518,58,10,"280-910044-00518",2025-01-26,2028-04-26,39,16156005,,16156005,ACTIVE,1.86,2021-05-19
521,59,1,"280-910044-00521",2022-11-26,2025-10-26,35,33808277,,33808277,MATURED,2.08,2009-05-22
520,59,1,"280-910044-00520",2019-08-20,2021-02-20,18,12686400,,12686400,MATURED,2.10,2018-05-20
519,59,1,"280-910044-00519",2024-09-30,2026-03-30,18,37781001,,37781001,MATURED,1.83,2009-05-22
526,60,8,"280-910044-00526",2020-07-30,2023-07-30,36,,300000,10800000,MATURED,5.89,2020-05-19
525,60,8,"280-910044-00525",2020-04-04,2023-04-04,36,,300000,10800000,MATURED,5.70,2018-05-20
524,60,8,"280-910044-00524",2018-05-20,2021-05-20,36,,179742,6470712,MATURED,5.83,2022-05-19
527,61,1,"280-910044-00527",2020-05-19,2021-05-19,12,21327843,,21327843,MATURED,1.99,2020-05-19
528,62,10,"280-910044-00528",2024-05-18,2024-09-18,4,45767279,,45767279,MATURED,1.56,2024-05-18
530,63,7,"280-910044-00530",2023-05-19,2024-02-19,9,,65343,588087,MATURED,7.13,2024-05-18
529,63,7,"280-910044-00529",2023-05-19,2025-04-19,23,,19668,452364,MATURED,5.09,2024-05-18
531,64,2,"280-910044-00531",2022-05-19,2026-07-19,50,,200000,9600000,ACTIVE,3.68,2022-05-19
533,65,6,"280-910044-00533",2020-05-19,2021-07-19,14,,485035,6790490,MATURED,2.12,2020-05-19
532,65,6,"280-910044-00532",2020-05-19,2021-06-19,13,,500000,6500000,MATURED,1.55,2020-05-19
535,66,8,"280-910044-00535",2024-11-16,2027-11-16,36,,300000,5400000,ACTIVE,5.71,2022-05-19
534,66,8,"280-910044-00534",2022-05-19,2025-05-19,36,,300000,10800000,MATURED,5.86,2023-05-19
536,67,10,"280-910044-00536",2022-04-09,2026-08-09,52,11140882,,11140882,ACTIVE,2.14,2025-05-18
537,68,1,"280-910044-00537",2019-11-10,2020-02-10,3,48539412,,48539412,MATURED,1.96,2025-05-18
539,69,5,"280-910044-00539",2025-02-01,2026-02-01,12,,189869,2278428,MATURED,3.45,2025-05-18
538,69,5,"280-910044-00538",2018-02-24,2019-02-24,12,,191945,2303340,MATURED,2.64,2017-05-20
542,70,7,"280-910044-00542",2022-06-26,2024-04-26,22,,233468,5136296,MATURED,7.64,2025-05-18
543,71,7,"280-910044-00543",2024-05-18,2025-07-18,14,,258801,3623214,MATURED,5.62,2024-05-18
546,72,7,"280-910044-00546",2022-07-20,2022-11-20,4,,300000,1200000,MATURED,4.80,2012-05-21
545,72,7,"280-910044-00545",2022-09-21,2024-09-21,24,,300000,7200000,MATURED,8.27,2020-05-19
544,72,7,"280-910044-00544",2019-04-16,2021-04-16,24,,300000,7200000,MATURED,6.69,2012-05-21
548,73,3,"280-910044-00548",2025-05-25,2027-06-25,25,,367777,4045547,ACTIVE,1.51,2023-05-19
547,73,3,"280-910044-00547",2023-05-19,2026-11-19,42,,461391,16610076,CLOSED,2.26,2023-05-19
550,74,10,"280-910044-00550",2023-02-24,2024-10-24,20,28661688,,28661688,MATURED,2.01,2024-05-18
549,74,10,"280-910044-00549",2019-06-06,2023-02-06,44,8538996,,8538996,MATURED,2.02,2017-05-20
551,75,7,"280-910044-00551",2024-05-18,2024-08-18,3,,99394,298182,MATURED,4.33,2024-05-18
552,76,9,"280-910044-00552",2025-05-17,2027-07-17,26,,152021,1824252,ACTIVE,2.30,2018-05-20
553,77,5,"280-910044-00553",2026-05-01,2027-05-01,12,,300000,300000,ACTIVE,4.74,2025-05-18
556,78,3,"280-910044-00556",2023-05-10,2026-04-10,35,,943866,33035310,MATURED,2.09,2006-05-23
555,78,3,"280-910044-00555",2021-07-29,2025-06-29,47,,524148,24634956,MATURED,2.09,2006-05-23
554,78,3,"280-910044-00554",2021-01-04,2022-03-04,14,,826599,11572386,MATURED,3.11,2021-05-19
557,79,10,"280-910044-00557",2024-05-18,2026-10-18,29,19942461,,19942461,ACTIVE,2.02,2024-05-18
560,80,1,"280-910044-00560",2020-01-31,2021-01-31,12,30034570,,30034570,MATURED,1.83,2018-05-20
563,81,9,"280-910044-00563",2025-05-24,2027-10-24,29,,522817,5750987,ACTIVE,2.28,2002-05-24
562,81,9,"280-910044-00562",2021-03-03,2022-08-03,17,,851440,14474480,MATURED,2.36,2017-05-20
561,81,9,"280-910044-00561",2024-11-03,2026-06-03,19,,771450,13886100,ACTIVE,2.21,2012-05-21
566,82,4,"280-910044-00566",2026-02-04,2030-01-04,47,,178296,534888,ACTIVE,2.28,2017-05-20
565,82,4,"280-910044-00565",2019-05-03,2022-09-03,40,,460714,18428560,MATURED,2.24,2017-05-20
564,82,4,"280-910044-00564",2021-05-24,2023-03-24,22,,888985,19557670,MATURED,2.12,2023-05-19
568,83,7,"280-910044-00568",2018-03-11,2019-03-11,12,,300000,3600000,MATURED,4.78,2014-05-21
567,83,7,"280-910044-00567",2020-11-02,2020-12-02,1,,218205,218205,MATURED,10.39,2014-05-21
571,84,8,"280-910044-00571",2023-10-27,2026-10-27,36,,225182,6980642,ACTIVE,5.83,2020-05-19
570,84,8,"280-910044-00570",2020-10-30,2023-10-30,36,,300000,10800000,MATURED,5.68,2023-05-19
569,84,8,"280-910044-00569",2020-05-19,2023-05-19,36,,300000,10800000,MATURED,5.83,2020-05-19
574,85,8,"280-910044-00574",2023-05-19,2026-05-19,36,,100000,3600000,ACTIVE,5.64,2023-05-19
573,85,8,"280-910044-00573",2023-05-19,2026-05-19,36,,100000,3600000,ACTIVE,5.98,2025-05-18
572,85,8,"280-910044-00572",2024-03-18,2027-03-18,36,,100000,2600000,ACTIVE,5.67,2024-05-18
575,86,2,"280-910044-00575",2025-05-18,2030-05-18,60,,200000,2400000,ACTIVE,4.81,2025-05-18
576,87,6,"280-910044-00576",2020-07-25,2021-07-25,12,,383771,4605252,MATURED,5.27,2019-05-20
577,88,4,"280-910044-00577",2018-05-23,2019-08-23,15,,782603,11739045,MATURED,3.14,2006-05-23
580,89,3,"280-910044-00580",2025-05-19,2028-06-19,37,,199273,2391276,ACTIVE,2.57,2023-05-19
579,89,3,"280-910044-00579",2020-02-25,2021-08-25,18,,397285,7151130,MATURED,2.23,2024-05-18
578,89,3,"280-910044-00578",2024-12-30,2028-02-29,38,,524051,8384816,ACTIVE,3.00,2014-05-21
585,90,4,"280-910044-00585",2020-12-16,2025-05-16,53,,903019,47860007,MATURED,3.40,2015-05-21
584,90,4,"280-910044-00584",2024-10-14,2026-05-14,19,,934040,17746760,MATURED,3.30,2018-05-20
587,91,4,"280-910044-00587",2018-01-21,2021-01-21,36,,722573,26012628,MATURED,2.70,2014-05-21
586,91,4,"280-910044-00586",2025-06-12,2028-07-12,37,,607183,6679013,CLOSED,2.44,2016-05-20
588,92,6,"280-910044-00588",2025-07-09,2027-03-09,20,,500000,5000000,ACTIVE,3.97,2020-05-19
589,93,1,"280-910044-00589",2025-02-14,2027-07-14,29,11871893,,11871893,ACTIVE,2.16,2010-05-22
590,94,5,"280-910044-00590",2017-05-05,2018-05-05,12,,204458,2453496,MATURED,3.17,2019-05-20
592,95,7,"280-910044-00592",2021-04-10,2022-02-10,10,,300000,3000000,MATURED,7.31,2009-05-22
591,95,7,"280-910044-00591",2017-03-30,2017-05-30,2,,300000,600000,MATURED,9.08,2009-05-22
593,96,7,"280-910044-00593",2017-11-30,2018-12-30,13,,300000,3900000,MATURED,6.29,2004-05-23
595,97,10,"280-910044-00595",2024-04-28,2026-07-28,27,32509726,,32509726,ACTIVE,1.75,2025-05-18
594,97,10,"280-910044-00594",2023-05-19,2027-11-19,54,31869402,,31869402,ACTIVE,1.47,2023-05-19
598,98,9,"280-910044-00598",2021-11-27,2023-10-27,23,,200466,4610718,MATURED,2.32,2022-05-19
597,98,9,"280-910044-00597",2023-01-05,2024-05-05,16,,248212,3971392,MATURED,2.55,2019-05-20
596,98,9,"280-910044-00596",2024-09-15,2026-11-15,26,,219256,4385120,ACTIVE,2.27,2024-05-18
600,99,5,"280-910044-00600",2025-04-11,2026-04-11,12,,300000,3600000,MATURED,3.48,2018-05-20
599,99,5,"280-910044-00599",2023-12-30,2024-12-30,12,,300000,3600000,MATURED,4.78,2018-05-20
5,100,10,"280-910044-00005",2017-02-25,2018-12-25,22,42481332,,42481332,MATURED,1.91,2008-05-22
7,101,2,"280-910044-00007",2018-07-23,2019-07-23,12,,200000,2400000,MATURED,4.85,2020-05-19
6,101,2,"280-910044-00006",2019-11-15,2024-04-15,53,,200000,10600000,MATURED,4.48,2025-05-18
9,102,8,"280-910044-00009",2025-05-14,2028-05-14,36,,300000,3600000,ACTIVE,5.88,2021-05-19
8,102,8,"280-910044-00008",2024-06-24,2027-06-24,36,,300000,6900000,ACTIVE,5.97,2023-05-19
13,103,8,"280-910044-00013",2016-12-17,2019-12-17,36,,144285,5194260,MATURED,5.71,2008-05-22
12,103,8,"280-910044-00012",2025-02-07,2028-02-07,36,,300000,4500000,ACTIVE,5.95,2011-05-22
11,103,8,"280-910044-00011",2019-11-18,2022-11-18,36,,300000,10800000,MATURED,5.63,2023-05-19
10,103,8,"280-910044-00010",2017-06-26,2020-06-26,36,,300000,10800000,MATURED,5.85,2018-05-20
15,104,8,"280-910044-00015",2022-12-04,2025-12-04,36,,300000,10800000,MATURED,5.72,2021-05-19
14,104,8,"280-910044-00014",2018-02-08,2021-02-08,36,,114861,4134996,MATURED,5.84,2008-05-22
17,105,2,"280-910044-00017",2025-07-12,2028-07-12,36,,200000,2000000,CLOSED,4.75,2024-05-18
16,105,2,"280-910044-00016",2024-05-18,2029-05-18,60,,200000,4800000,ACTIVE,4.50,2024-05-18
18,106,10,"280-910044-00018",2022-07-31,2027-03-31,56,21288842,,21288842,ACTIVE,2.15,2012-05-21
19,107,4,"280-910044-00019",2023-09-04,2026-04-04,31,,196749,6099219,MATURED,3.12,2025-05-18
22,108,4,"280-910044-00022",2025-05-18,2030-11-18,66,,61179,734148,ACTIVE,2.36,2025-05-18
21,108,4,"280-910044-00021",2025-05-18,2028-06-18,37,,53785,645420,ACTIVE,2.27,2025-05-18
20,108,4,"280-910044-00020",2025-05-18,2029-11-18,54,,64741,776892,ACTIVE,2.14,2025-05-18
23,109,10,"280-910044-00023",2021-07-22,2023-01-22,18,3687416,,3687416,MATURED,1.97,2004-05-23
25,110,1,"280-910044-00025",2024-05-18,2027-01-18,32,10822235,,10822235,ACTIVE,2.10,2024-05-18
28,111,4,"280-910044-00028",2021-05-19,2023-08-19,27,,492487,13297149,MATURED,2.36,2021-05-19
27,111,4,"280-910044-00027",2021-05-19,2023-12-19,31,,172018,5332558,MATURED,2.22,2021-05-19
26,111,4,"280-910044-00026",2021-05-19,2023-11-19,30,,290482,8714460,MATURED,2.11,2021-05-19
30,112,5,"280-910044-00030",2024-10-09,2025-10-09,12,,300000,3600000,MATURED,3.97,2022-05-19
29,112,5,"280-910044-00029",2025-09-16,2026-09-16,12,,300000,2400000,ACTIVE,3.59,2020-05-19
33,113,10,"280-910044-00033",2018-01-13,2020-05-13,28,49849141,,49849141,MATURED,1.55,2012-05-21
32,113,10,"280-910044-00032",2017-10-28,2020-03-28,29,30121115,,30121115,MATURED,1.78,2010-05-22
31,113,10,"280-910044-00031",2022-11-26,2023-07-26,8,42623822,,42623822,MATURED,2.16,2014-05-21
35,114,7,"280-910044-00035",2020-08-24,2022-03-24,19,,300000,5700000,MATURED,8.89,2012-05-21
34,114,7,"280-910044-00034",2019-01-04,2019-03-04,2,,124168,248336,MATURED,6.45,2012-05-21
37,115,5,"280-910044-00037",2023-02-12,2024-02-12,12,,300000,3600000,MATURED,4.11,2023-05-19
36,115,5,"280-910044-00036",2021-01-15,2022-01-15,12,,300000,3600000,MATURED,2.66,2015-05-21
38,116,1,"280-910044-00038",2026-01-03,2027-10-03,21,51362892,,51362892,CLOSED,2.00,2022-05-19
40,117,8,"280-910044-00040",2026-01-04,2029-01-04,36,,300000,1200000,ACTIVE,5.77,2012-05-21
39,117,8,"280-910044-00039",2016-09-10,2019-09-10,36,,300000,10800000,MATURED,5.99,2012-05-21
44,118,3,"280-910044-00044",2016-10-19,2017-10-19,12,,243231,2918772,MATURED,2.22,2012-05-21
43,118,3,"280-910044-00043",2024-08-10,2030-07-10,71,,695507,14605647,ACTIVE,1.60,2012-05-21
42,118,3,"280-910044-00042",2020-04-11,2021-10-11,18,,280188,5043384,MATURED,1.76,2012-05-21
41,118,3,"280-910044-00041",2020-10-22,2023-06-22,32,,718604,22995328,MATURED,2.27,2021-05-19
46,119,10,"280-910044-00046",2023-05-19,2023-08-19,3,12143109,,12143109,MATURED,2.10,2023-05-19
45,119,10,"280-910044-00045",2023-05-19,2024-06-19,13,42780326,,42780326,MATURED,2.13,2023-05-19
51,120,7,"280-910044-00051",2022-09-25,2024-05-25,20,,222652,4453040,MATURED,7.18,2007-05-23
50,120,7,"280-910044-00050",2024-01-02,2024-08-02,7,,292649,2048543,MATURED,9.81,2007-05-23
49,120,7,"280-910044-00049",2021-08-17,2022-02-17,6,,230976,1385856,MATURED,4.94,2011-05-22
52,121,5,"280-910044-00052",2019-12-26,2020-12-26,12,,298614,3583368,MATURED,4.63,2008-05-22
54,122,6,"280-910044-00054",2017-01-10,2018-05-10,16,,500000,8000000,MATURED,3.42,2023-05-19
53,122,6,"280-910044-00053",2018-03-12,2019-04-12,13,,500000,6500000,MATURED,5.35,2011-05-22
57,123,9,"280-910044-00057",2024-03-23,2027-03-23,36,,186088,4838288,ACTIVE,2.60,2020-05-19
56,123,9,"280-910044-00056",2024-09-17,2025-07-17,10,,82096,820960,MATURED,2.42,2020-05-19
55,123,9,"280-910044-00055",2020-05-19,2021-08-19,15,,272848,4092720,MATURED,2.38,2025-05-18
60,124,9,"280-910044-00060",2024-05-18,2025-10-18,17,,108204,1839468,MATURED,2.21,2024-05-18
59,124,9,"280-910044-00059",2024-05-31,2025-04-30,11,,190271,2092981,MATURED,2.42,2024-05-18
58,124,9,"280-910044-00058",2025-03-06,2026-12-06,21,,150811,2111354,ACTIVE,2.66,2024-05-18
61,125,5,"280-910044-00061",2024-08-29,2025-08-29,12,,300000,3600000,MATURED,3.99,2025-05-18
64,126,3,"280-910044-00064",2017-08-03,2022-03-03,55,,163533,8994315,MATURED,2.50,2009-05-22
63,126,3,"280-910044-00063",2025-05-01,2028-10-01,41,,268359,3220308,ACTIVE,2.46,2007-05-23
62,126,3,"280-910044-00062",2024-01-12,2029-11-12,70,,688481,19277468,ACTIVE,1.72,2014-05-21
67,127,4,"280-910044-00067",2022-04-26,2026-01-26,45,,963677,43365465,MATURED,2.63,2016-05-20
66,127,4,"280-910044-00066",2016-10-29,2018-09-29,23,,621169,14286887,MATURED,3.16,2009-05-22
65,127,4,"280-910044-00065",2020-11-12,2021-08-12,9,,332115,2989035,MATURED,3.25,2023-05-19
70,128,8,"280-910044-00070",2022-05-19,2025-05-19,36,,300000,10800000,MATURED,5.90,2022-05-19
69,128,8,"280-910044-00069",2024-12-01,2027-12-01,36,,113520,1929840,CLOSED,5.72,2022-05-19
68,128,8,"280-910044-00068",2022-05-19,2025-05-19,36,,300000,10800000,MATURED,5.73,2022-05-19
75,129,7,"280-910044-00075",2023-05-19,2023-12-19,7,,299938,2099566,MATURED,7.58,2024-05-18
74,129,7,"280-910044-00074",2023-11-10,2025-11-10,24,,300000,7200000,MATURED,9.47,2023-05-19
73,129,7,"280-910044-00073",2023-05-19,2023-09-19,4,,300000,1200000,MATURED,5.48,2023-05-19
72,129,7,"280-910044-00072",2026-01-10,2026-02-10,1,,300000,300000,MATURED,4.14,2023-05-19
71,129,7,"280-910044-00071",2024-11-15,2026-10-15,23,,131059,2359062,ACTIVE,4.19,2023-05-19
81,130,1,"280-910044-00081",2017-12-06,2018-10-06,10,6423786,,6423786,MATURED,2.19,2022-05-19
80,130,1,"280-910044-00080",2019-04-14,2021-04-14,24,25598778,,25598778,MATURED,1.92,2015-05-21
79,130,1,"280-910044-00079",2021-07-08,2023-02-08,19,40402200,,40402200,MATURED,2.08,2021-05-19
78,130,1,"280-910044-00078",2016-09-12,2018-05-12,20,49288639,,49288639,MATURED,1.81,2008-05-22
84,131,1,"280-910044-00084",2018-08-01,2020-03-01,19,4340360,,4340360,MATURED,2.04,2015-05-21
83,131,1,"280-910044-00083",2019-07-01,2020-03-01,8,51352645,,51352645,MATURED,2.08,2012-05-21
82,131,1,"280-910044-00082",2025-09-21,2028-07-21,34,35698976,,35698976,ACTIVE,1.83,2009-05-22
86,132,1,"280-910044-00086",2016-10-16,2018-01-16,15,48159383,,48159383,MATURED,2.04,2024-05-18
85,132,1,"280-910044-00085",2024-05-12,2024-12-12,7,34215375,,34215375,MATURED,2.13,2010-05-22
89,133,1,"280-910044-00089",2024-02-23,2025-12-23,22,44485763,,44485763,MATURED,1.93,2019-05-20
88,133,1,"280-910044-00088",2018-07-17,2019-02-17,7,33113397,,33113397,MATURED,2.13,2024-05-18
87,133,1,"280-910044-00087",2023-11-17,2024-08-17,9,28885406,,28885406,MATURED,2.13,2011-05-22
92,134,8,"280-910044-00092",2017-10-05,2020-10-05,36,,300000,10800000,MATURED,5.62,2016-05-20
91,134,8,"280-910044-00091",2019-03-09,2022-03-09,36,,300000,10800000,MATURED,5.57,2012-05-21
90,134,8,"280-910044-00090",2022-03-04,2025-03-04,36,,116535,4195260,MATURED,5.62,2022-05-19
94,135,2,"280-910044-00094",2018-12-05,2021-12-05,36,,200000,7200000,MATURED,3.63,2007-05-23
93,135,2,"280-910044-00093",2017-10-27,2020-04-27,30,,169902,5097060,MATURED,4.54,2012-05-21
96,136,7,"280-910044-00096",2021-05-19,2022-10-19,17,,300000,5100000,MATURED,4.82,2023-05-19
95,136,7,"280-910044-00095",2021-05-19,2021-06-19,1,,300000,300000,MATURED,7.87,2021-05-19
97,137,9,"280-910044-00097",2024-02-03,2026-07-03,29,,863248,23307696,ACTIVE,2.52,2020-05-19
98,138,7,"280-910044-00098",2021-07-13,2021-09-13,2,,300000,600000,MATURED,6.56,2015-05-21
101,139,5,"280-910044-00101",2025-11-24,2026-11-24,12,,300000,1500000,ACTIVE,4.51,2007-05-23
100,139,5,"280-910044-00100",2018-01-30,2019-01-30,12,,300000,3600000,MATURED,4.52,2007-05-23
99,139,5,"280-910044-00099",2023-07-20,2024-07-20,12,,215084,2581008,MATURED,2.16,2016-05-20
105,140,1,"280-910044-00105",2025-05-18,2028-04-18,35,27749043,,27749043,ACTIVE,1.83,2025-05-18
104,140,1,"280-910044-00104",2025-05-18,2026-04-18,11,6438359,,6438359,MATURED,1.93,2025-05-18
103,140,1,"280-910044-00103",2025-05-18,2027-09-18,28,22711838,,22711838,ACTIVE,2.04,2025-05-18
106,141,7,"280-910044-00106",2023-05-19,2024-04-19,11,,38909,427999,MATURED,4.05,2025-05-18
108,142,8,"280-910044-00108",2025-01-23,2028-01-23,36,,300000,4800000,ACTIVE,5.53,2013-05-21
107,142,8,"280-910044-00107",2020-08-06,2023-08-06,36,,185437,6675732,MATURED,5.75,2012-05-21
110,143,8,"280-910044-00110",2021-04-18,2024-04-18,36,,300000,10800000,MATURED,5.93,2024-05-18
109,143,8,"280-910044-00109",2022-04-24,2025-04-24,36,,300000,10800000,MATURED,5.57,2020-05-19
112,144,7,"280-910044-00112",2022-07-03,2024-07-03,24,,283417,6802008,MATURED,5.09,2019-05-20
111,144,7,"280-910044-00111",2018-03-25,2019-03-25,12,,300000,3600000,MATURED,6.08,2016-05-20
114,145,10,"280-910044-00114",2024-05-18,2025-09-18,16,5356955,,5356955,MATURED,1.92,2024-05-18
113,145,10,"280-910044-00113",2024-05-18,2028-10-18,53,39730746,,39730746,ACTIVE,2.09,2024-05-18
116,146,5,"280-910044-00116",2025-07-08,2026-07-08,12,,300000,3000000,ACTIVE,4.96,2020-05-19
115,146,5,"280-910044-00115",2025-01-15,2026-01-15,12,,300000,3600000,MATURED,3.42,2014-05-21
118,147,10,"280-910044-00118",2026-03-07,2029-03-07,36,14160008,,14160008,CLOSED,1.41,2005-05-23
117,147,10,"280-910044-00117",2017-09-10,2018-10-10,13,11568108,,11568108,MATURED,1.44,2005-05-23
120,148,4,"280-910044-00120",2024-05-18,2029-03-18,58,,987483,23699592,ACTIVE,2.45,2024-05-18
119,148,4,"280-910044-00119",2024-05-18,2026-03-18,22,,659348,14505656,MATURED,2.18,2024-05-18
121,149,4,"280-910044-00121",2025-05-18,2029-08-18,51,,948086,11377032,ACTIVE,3.23,2025-05-18
123,150,10,"280-910044-00123",2019-12-25,2022-11-25,35,6464067,,6464067,MATURED,1.49,2022-05-19
125,151,4,"280-910044-00125",2025-05-18,2030-08-18,63,,206095,2473140,ACTIVE,2.37,2025-05-18
124,151,4,"280-910044-00124",2025-05-18,2027-07-18,26,,681275,8175300,ACTIVE,2.46,2025-05-18
126,152,10,"280-910044-00126",2025-07-01,2025-09-01,2,3241698,,3241698,MATURED,1.43,2019-05-20
128,153,8,"280-910044-00128",2019-03-04,2022-03-04,36,,300000,10800000,MATURED,5.67,2024-05-18
127,153,8,"280-910044-00127",2021-11-11,2024-11-11,36,,300000,10800000,MATURED,5.66,2016-05-20
131,154,2,"280-910044-00131",2026-03-15,2030-11-15,56,,200000,400000,ACTIVE,4.97,2018-05-20
130,154,2,"280-910044-00130",2019-03-13,2023-11-13,56,,200000,11200000,MATURED,4.93,2011-05-22
129,154,2,"280-910044-00129",2023-10-05,2025-06-05,20,,200000,4000000,MATURED,4.67,2022-05-19
134,155,1,"280-910044-00134",2023-06-25,2026-01-25,31,9225226,,9225226,MATURED,1.83,2017-05-20
133,155,1,"280-910044-00133",2024-04-26,2026-07-26,27,12482320,,12482320,ACTIVE,2.13,2017-05-20
132,155,1,"280-910044-00132",2024-11-06,2025-04-06,5,22100653,,22100653,MATURED,1.99,2017-05-20
137,156,9,"280-910044-00137",2023-05-19,2024-04-19,11,,34560,380160,MATURED,2.34,2024-05-18
136,156,9,"280-910044-00136",2023-05-19,2024-02-19,9,,85002,765018,MATURED,2.30,2025-05-18
135,156,9,"280-910044-00135",2025-08-28,2027-07-28,23,,32168,257344,ACTIVE,2.21,2025-05-18
139,157,7,"280-910044-00139",2023-05-19,2024-03-19,10,,300000,3000000,MATURED,5.04,2023-05-19
138,157,7,"280-910044-00138",2023-05-19,2024-01-19,8,,127689,1021512,MATURED,10.31,2023-05-19
140,158,9,"280-910044-00140",2017-04-02,2018-07-02,15,,271290,4069350,MATURED,2.45,2011-05-22
143,159,2,"280-910044-00143",2020-08-21,2022-04-21,20,,200000,4000000,MATURED,4.44,2020-05-19
142,159,2,"280-910044-00142",2022-05-03,2026-09-03,52,,200000,9800000,ACTIVE,4.08,2016-05-20
141,159,2,"280-910044-00141",2022-08-22,2027-03-22,55,,200000,9000000,ACTIVE,4.60,2015-05-21
147,160,6,"280-910044-00147",2022-11-01,2024-07-01,20,,154442,3088840,MATURED,2.84,2025-05-18
146,160,6,"280-910044-00146",2023-08-09,2024-11-09,15,,500000,7500000,MATURED,3.99,2016-05-20
145,160,6,"280-910044-00145",2024-10-10,2026-03-10,17,,500000,8500000,MATURED,2.70,2018-05-20
151,161,4,"280-910044-00151",2023-11-15,2026-07-15,32,,221213,6636390,ACTIVE,2.99,2014-05-21
150,161,4,"280-910044-00150",2021-11-17,2023-12-17,25,,644259,16106475,MATURED,2.29,2019-05-20
149,161,4,"280-910044-00149",2018-12-09,2020-10-09,22,,222965,4905230,MATURED,2.20,2024-05-18
148,161,4,"280-910044-00148",2026-04-24,2031-01-24,57,,378051,378051,ACTIVE,2.20,2008-05-22
152,162,6,"280-910044-00152",2021-01-25,2023-10-25,33,,207784,6856872,MATURED,4.71,2024-05-18
154,163,5,"280-910044-00154",2018-05-20,2019-05-20,12,,300000,3600000,MATURED,4.23,2018-05-20
153,163,5,"280-910044-00153",2021-10-28,2022-10-28,12,,300000,3600000,MATURED,3.58,2019-05-20
157,164,3,"280-910044-00157",2024-05-18,2030-01-18,68,,803361,19280664,ACTIVE,1.95,2024-05-18
156,164,3,"280-910044-00156",2024-05-18,2029-07-18,62,,275533,6612792,ACTIVE,2.17,2024-05-18
155,164,3,"280-910044-00155",2024-05-18,2029-08-18,63,,724490,17387760,ACTIVE,3.15,2024-05-18
158,165,1,"280-910044-00158",2019-10-23,2021-11-23,25,24235850,,24235850,MATURED,1.81,2023-05-19
159,166,10,"280-910044-00159",2019-05-27,2023-07-27,50,47911177,,47911177,MATURED,1.91,2016-05-20
161,167,8,"280-910044-00161",2025-09-20,2028-09-20,36,,233733,1869864,ACTIVE,6.00,2020-05-19
160,167,8,"280-910044-00160",2024-04-04,2027-04-04,36,,300000,7500000,ACTIVE,5.94,2022-05-19
162,168,6,"280-910044-00162",2018-01-17,2019-09-17,20,,187656,3753120,MATURED,5.52,2022-05-19
164,169,3,"280-910044-00164",2023-05-17,2027-02-17,45,,884091,31827276,ACTIVE,1.95,2023-05-19
163,169,3,"280-910044-00163",2020-04-04,2026-01-04,69,,486755,33586095,MATURED,2.60,2017-05-20
168,170,9,"280-910044-00168",2025-05-18,2025-11-18,6,,17189,103134,MATURED,2.25,2025-05-18
167,170,9,"280-910044-00167",2025-05-18,2027-05-18,24,,72853,874236,ACTIVE,2.23,2025-05-18
170,171,2,"280-910044-00170",2018-11-17,2020-07-17,20,,200000,4000000,MATURED,4.80,2010-05-22
169,171,2,"280-910044-00169",2018-05-28,2020-05-28,24,,200000,4800000,MATURED,4.41,2021-05-19
173,172,7,"280-910044-00173",2017-12-25,2019-01-25,13,,248700,3233100,MATURED,8.77,2007-05-23
172,172,7,"280-910044-00172",2026-03-08,2027-01-08,10,,300000,600000,CLOSED,6.60,2020-05-19
171,172,7,"280-910044-00171",2025-11-20,2027-06-20,19,,300000,1500000,ACTIVE,5.08,2005-05-23
175,173,1,"280-910044-00175",2019-06-19,2021-04-19,22,7198556,,7198556,MATURED,1.91,2022-05-19
174,173,1,"280-910044-00174",2017-07-22,2018-06-22,11,51795369,,51795369,MATURED,2.15,2019-05-20
176,174,9,"280-910044-00176",2023-02-21,2024-03-21,13,,326644,4246372,MATURED,2.47,2019-05-20
179,175,6,"280-910044-00179",2025-12-03,2027-11-03,23,,467296,2336480,ACTIVE,4.93,2020-05-19
178,175,6,"280-910044-00178",2019-04-12,2022-04-12,36,,224614,8086104,MATURED,5.04,2022-05-19
177,175,6,"280-910044-00177",2017-02-06,2020-01-06,35,,204638,7162330,MATURED,3.91,2019-05-20
181,176,3,"280-910044-00181",2018-04-11,2022-06-11,50,,131567,6578350,MATURED,2.94,2017-05-20
180,176,3,"280-910044-00180",2024-02-17,2025-09-17,19,,117775,2237725,MATURED,2.69,2015-05-21
183,177,5,"280-910044-00183",2021-12-03,2022-12-03,12,,300000,3600000,MATURED,4.59,2020-05-19
182,177,5,"280-910044-00182",2020-05-19,2021-05-19,12,,105501,1266012,MATURED,2.77,2020-05-19
184,178,4,"280-910044-00184",2019-05-20,2020-06-20,13,,405081,5266053,MATURED,3.09,2019-05-20
186,179,10,"280-910044-00186",2026-02-02,2027-02-02,12,7575118,,7575118,ACTIVE,1.95,2025-05-18
185,179,10,"280-910044-00185",2020-05-19,2025-05-19,60,6790282,,6790282,MATURED,1.67,2023-05-19
188,180,8,"280-910044-00188",2022-05-19,2025-05-19,36,,264422,9519192,MATURED,5.55,2022-05-19
189,181,7,"280-910044-00189",2024-03-13,2024-11-13,8,,300000,2400000,MATURED,8.80,2010-05-22
190,182,8,"280-910044-00190",2023-03-18,2026-03-18,36,,100000,3600000,MATURED,5.64,2018-05-20
192,183,3,"280-910044-00192",2023-11-23,2027-06-23,43,,502608,15078240,CLOSED,2.25,2025-05-18
191,183,3,"280-910044-00191",2022-07-27,2027-08-27,61,,604697,27816062,ACTIVE,2.10,2011-05-22
194,184,10,"280-910044-00194",2018-04-24,2020-11-24,31,23249058,,23249058,MATURED,1.60,2008-05-22
193,184,10,"280-910044-00193",2017-03-28,2019-07-28,28,48129646,,48129646,MATURED,1.74,2008-05-22
196,185,9,"280-910044-00196",2020-03-30,2020-09-30,6,,494715,2968290,MATURED,2.61,2024-05-18
195,185,9,"280-910044-00195",2018-01-07,2018-07-07,6,,411017,2466102,MATURED,2.34,2022-05-19
199,186,9,"280-910044-00199",2018-06-01,2020-02-01,20,,461332,9226640,MATURED,2.32,2018-05-20
198,186,9,"280-910044-00198",2024-11-30,2027-09-30,34,,64265,1092505,ACTIVE,2.51,2025-05-18
197,186,9,"280-910044-00197",2023-11-18,2026-01-18,26,,179958,4678908,MATURED,2.41,2025-05-18
201,187,4,"280-910044-00201",2021-05-27,2023-03-27,22,,379032,8338704,MATURED,2.72,2007-05-23
200,187,4,"280-910044-00200",2025-11-15,2030-08-15,57,,690093,4140558,ACTIVE,3.06,2008-05-22
203,188,5,"280-910044-00203",2026-03-03,2027-03-03,12,,265907,531814,ACTIVE,4.15,2016-05-20
202,188,5,"280-910044-00202",2019-07-29,2020-07-29,12,,273652,3283824,MATURED,3.56,2016-05-20
204,189,1,"280-910044-00204",2023-12-09,2026-03-09,27,11304071,,11304071,MATURED,1.91,2021-05-19
207,190,2,"280-910044-00207",2022-10-17,2026-09-17,47,,155199,6673557,ACTIVE,3.74,2021-05-19
209,191,9,"280-910044-00209",2016-11-24,2018-11-24,24,,233823,5611752,MATURED,2.71,2021-05-19
208,191,9,"280-910044-00208",2023-02-21,2025-03-21,25,,918237,22955925,MATURED,2.47,2007-05-23
210,192,5,"280-910044-00210",2019-09-06,2020-09-06,12,,199749,2396988,MATURED,3.79,2017-05-20
212,193,5,"280-910044-00212",2024-07-12,2025-07-12,12,,185296,2223552,MATURED,4.41,2024-05-18
211,193,5,"280-910044-00211",2024-05-18,2025-05-18,12,,104965,1259580,MATURED,4.63,2025-05-18
213,194,1,"280-910044-00213",2024-08-18,2024-11-18,3,50300940,,50300940,MATURED,2.01,2017-05-20
215,195,8,"280-910044-00215",2023-05-19,2026-05-19,36,,300000,10800000,ACTIVE,5.76,2024-05-18
214,195,8,"280-910044-00214",2023-05-19,2026-05-19,36,,159122,5728392,ACTIVE,5.65,2023-05-19
216,196,3,"280-910044-00216",2022-05-19,2028-01-19,68,,79146,3799008,ACTIVE,1.62,2018-05-20
219,197,6,"280-910044-00219",2026-04-09,2027-04-09,12,,500000,500000,ACTIVE,1.50,2018-05-20
218,197,6,"280-910044-00218",2020-10-25,2022-10-25,24,,139065,3337560,MATURED,5.44,2022-05-19
217,197,6,"280-910044-00217",2018-05-20,2021-03-20,34,,500000,17000000,MATURED,5.14,2022-05-19
222,198,4,"280-910044-00222",2022-05-11,2023-09-11,16,,325338,5205408,MATURED,2.22,2024-05-18
221,198,4,"280-910044-00221",2017-08-27,2020-04-27,32,,115994,3711808,MATURED,2.57,2011-05-22
220,198,4,"280-910044-00220",2021-10-06,2024-07-06,33,,571862,18871446,MATURED,2.81,2025-05-18
224,199,4,"280-910044-00224",2019-05-20,2021-07-20,26,,920520,23933520,MATURED,2.42,2019-05-20
223,199,4,"280-910044-00223",2023-12-05,2026-03-05,27,,957952,25864704,MATURED,3.15,2019-05-20
231,200,9,"280-910044-00231",2021-05-19,2022-11-19,18,,289395,5209110,MATURED,2.47,2021-05-19
230,200,9,"280-910044-00230",2021-05-19,2022-01-19,8,,351863,2814904,MATURED,2.41,2021-05-19
233,201,4,"280-910044-00233",2026-02-26,2030-09-26,55,,486232,972464,ACTIVE,2.52,2023-05-19
232,201,4,"280-910044-00232",2023-05-19,2025-05-19,24,,783039,18792936,MATURED,2.27,2023-05-19
235,202,2,"280-910044-00235",2025-10-23,2029-09-23,47,,200000,1200000,CLOSED,4.37,2025-05-18
234,202,2,"280-910044-00234",2026-01-09,2030-12-09,59,,200000,800000,ACTIVE,4.33,2015-05-21
237,203,7,"280-910044-00237",2023-08-29,2023-09-29,1,,300000,300000,MATURED,6.96,2014-05-21
236,203,7,"280-910044-00236",2023-01-01,2024-01-01,12,,300000,3600000,MATURED,6.97,2014-05-21
238,204,2,"280-910044-00238",2024-10-09,2028-08-09,46,,200000,3800000,CLOSED,4.52,2019-05-20
241,205,4,"280-910044-00241",2026-01-24,2029-11-24,46,,345419,1036257,ACTIVE,3.27,2009-05-22
240,205,4,"280-910044-00240",2023-05-08,2027-05-08,48,,675747,24326892,ACTIVE,2.23,2023-05-19
239,205,4,"280-910044-00239",2024-12-01,2030-08-01,68,,288691,4907747,ACTIVE,2.75,2004-05-23
243,206,3,"280-910044-00243",2022-10-25,2026-08-25,46,,102540,4409220,ACTIVE,2.61,2021-05-19
242,206,3,"280-910044-00242",2018-08-27,2021-05-27,33,,282364,9318012,MATURED,2.36,2025-05-18
244,207,6,"280-910044-00244",2025-05-18,2027-09-18,28,,35317,423804,ACTIVE,4.32,2025-05-18
247,208,4,"280-910044-00247",2021-02-28,2026-04-28,62,,563245,34921190,MATURED,2.85,2012-05-21
246,208,4,"280-910044-00246",2023-05-15,2026-03-15,34,,547673,18620882,MATURED,3.03,2012-05-21
245,208,4,"280-910044-00245",2022-02-11,2027-09-11,67,,605665,30888915,ACTIVE,2.65,2011-05-22
249,209,9,"280-910044-00249",2024-06-15,2026-12-15,30,,207842,4780366,ACTIVE,2.45,2024-05-18
248,209,9,"280-910044-00248",2019-04-29,2022-03-29,35,,246055,8611925,MATURED,2.27,2022-05-19
254,210,7,"280-910044-00254",2021-08-11,2022-12-11,16,,297793,4764688,MATURED,8.64,2022-05-19
253,210,7,"280-910044-00253",2024-08-05,2025-11-05,15,,187528,2812920,MATURED,9.34,2021-05-19
258,211,3,"280-910044-00258",2021-09-18,2026-08-18,59,,141840,7943040,ACTIVE,2.93,2024-05-18
257,211,3,"280-910044-00257",2019-05-20,2021-10-20,29,,285234,8271786,MATURED,1.56,2020-05-19
256,211,3,"280-910044-00256",2022-04-09,2026-09-09,53,,260784,13039200,ACTIVE,2.09,2022-05-19
255,211,3,"280-910044-00255",2020-04-08,2022-11-08,31,,82258,2549998,MATURED,3.01,2021-05-19
261,212,2,"280-910044-00261",2025-08-23,2029-05-23,45,,200000,1600000,CLOSED,4.23,2018-05-20
260,212,2,"280-910044-00260",2022-04-06,2025-11-06,43,,200000,8600000,MATURED,4.56,2018-05-20
259,212,2,"280-910044-00259",2020-01-22,2021-07-22,18,,106756,1921608,MATURED,4.28,2018-05-20
265,213,3,"280-910044-00265",2021-05-19,2027-01-19,68,,422550,25353000,ACTIVE,2.22,2021-05-19
264,213,3,"280-910044-00264",2022-06-14,2027-09-14,63,,442347,20790309,ACTIVE,2.30,2022-05-19
263,213,3,"280-910044-00263",2022-02-04,2025-11-04,45,,252733,11372985,MATURED,2.39,2021-05-19
262,213,3,"280-910044-00262",2021-05-19,2027-02-19,69,,374287,22457220,ACTIVE,1.65,2022-05-19
266,214,8,"280-910044-00266",2022-03-02,2025-03-02,36,,208040,7489440,MATURED,5.64,2021-05-19
269,215,7,"280-910044-00269",2025-05-18,2026-11-18,18,,82342,988104,ACTIVE,6.20,2025-05-18
268,215,7,"280-910044-00268",2025-05-18,2026-02-18,9,,71961,647649,MATURED,7.89,2025-05-18
267,215,7,"280-910044-00267",2025-05-18,2026-01-18,8,,63589,508712,MATURED,4.71,2025-05-18
270,216,6,"280-910044-00270",2017-02-08,2020-01-08,35,,408627,14301945,MATURED,5.45,2020-05-19
273,217,4,"280-910044-00273",2024-04-20,2026-06-20,26,,748399,18709975,ACTIVE,2.27,2020-05-19
272,217,4,"280-910044-00272",2019-09-28,2022-06-28,33,,183669,6061077,MATURED,2.18,2025-05-18
271,217,4,"280-910044-00271",2025-05-09,2029-03-09,46,,921248,11054976,ACTIVE,3.35,2011-05-22
274,218,1,"280-910044-00274",2022-11-06,2024-02-06,15,51857490,,51857490,MATURED,1.91,2013-05-21
277,219,4,"280-910044-00277",2025-05-18,2028-09-18,40,,74919,899028,ACTIVE,3.17,2025-05-18
276,219,4,"280-910044-00276",2025-05-18,2029-12-18,55,,29895,358740,ACTIVE,2.11,2025-05-18
275,219,4,"280-910044-00275",2025-05-18,2028-12-18,43,,50260,603120,CLOSED,2.38,2025-05-18
282,220,9,"280-910044-00282",2025-07-31,2026-08-31,13,,328649,2957841,ACTIVE,2.61,2024-05-18
281,220,9,"280-910044-00281",2024-04-01,2025-02-01,10,,169031,1690310,MATURED,2.56,2025-05-18
280,220,9,"280-910044-00280",2020-05-08,2022-01-08,20,,369014,7380280,MATURED,2.39,2022-05-19
283,221,5,"280-910044-00283",2024-07-19,2025-07-19,12,,300000,3600000,MATURED,2.43,2021-05-19
284,222,2,"280-910044-00284",2022-07-29,2024-01-29,18,,163437,2941866,MATURED,5.00,2022-05-19
285,223,3,"280-910044-00285",2021-05-19,2024-12-19,43,,126564,5442252,MATURED,1.98,2021-05-19
286,224,1,"280-910044-00286",2019-03-23,2019-08-23,5,41368613,,41368613,MATURED,2.06,2015-05-21
288,225,4,"280-910044-00288",2024-06-03,2026-10-03,28,,312805,7194515,CLOSED,2.40,2024-05-18
287,225,4,"280-910044-00287",2019-05-20,2023-08-20,51,,288877,14732727,MATURED,3.11,2019-05-20
290,226,10,"280-910044-00290",2025-05-18,2027-04-18,23,41267276,,41267276,ACTIVE,2.06,2025-05-18
289,226,10,"280-910044-00289",2025-05-18,2030-02-18,57,51130369,,51130369,ACTIVE,1.63,2025-05-18
292,227,2,"280-910044-00292",2016-09-25,2020-12-25,51,,200000,10200000,MATURED,4.28,2021-05-19
291,227,2,"280-910044-00291",2025-10-08,2030-05-08,55,,200000,1400000,ACTIVE,3.99,2023-05-19
294,228,4,"280-910044-00294",2026-01-24,2027-09-24,20,,324613,973839,ACTIVE,2.20,2022-05-19
293,228,4,"280-910044-00293",2021-05-19,2026-11-19,66,,587854,35271240,ACTIVE,3.19,2024-05-18
296,229,7,"280-910044-00296",2021-09-21,2022-01-21,4,,300000,1200000,MATURED,9.12,2020-05-19
295,229,7,"280-910044-00295",2022-03-23,2024-01-23,22,,121972,2683384,MATURED,5.34,2015-05-21
300,230,5,"280-910044-00300",2026-04-27,2027-04-27,12,,300000,300000,ACTIVE,3.52,2025-05-18
299,230,5,"280-910044-00299",2021-05-19,2022-05-19,12,,287806,3453672,MATURED,4.63,2021-05-19
301,231,1,"280-910044-00301",2023-12-24,2026-09-24,33,38871433,,38871433,ACTIVE,2.20,2021-05-19
302,232,1,"280-910044-00302",2020-05-27,2021-09-27,16,37540379,,37540379,MATURED,1.88,2007-05-23
305,233,1,"280-910044-00305",2020-01-01,2020-03-01,2,16743746,,16743746,MATURED,2.17,2004-05-23
304,233,1,"280-910044-00304",2017-12-06,2018-07-06,7,29860757,,29860757,MATURED,1.87,2004-05-23
303,233,1,"280-910044-00303",2023-06-24,2024-09-24,15,41266124,,41266124,MATURED,1.93,2023-05-19
307,234,2,"280-910044-00307",2020-02-22,2024-04-22,50,,200000,10000000,MATURED,3.96,2019-05-20
306,234,2,"280-910044-00306",2021-10-28,2023-02-28,16,,107877,1726032,MATURED,4.78,2021-05-19
309,235,5,"280-910044-00309",2021-05-19,2022-05-19,12,,300000,3600000,MATURED,3.97,2021-05-19
308,235,5,"280-910044-00308",2021-05-19,2022-05-19,12,,300000,3600000,MATURED,3.27,2022-05-19
312,236,4,"280-910044-00312",2020-04-30,2021-02-28,10,,191271,1912710,MATURED,3.28,2022-05-19
311,236,4,"280-910044-00311",2022-02-26,2022-08-26,6,,227317,1363902,MATURED,3.07,2024-05-18
310,236,4,"280-910044-00310",2020-11-20,2025-08-20,57,,105349,6004893,MATURED,2.64,2019-05-20
314,237,10,"280-910044-00314",2016-07-20,2016-12-20,5,36522813,,36522813,MATURED,1.64,2022-05-19
313,237,10,"280-910044-00313",2022-08-08,2024-06-08,22,30098256,,30098256,MATURED,1.65,2015-05-21
316,238,1,"280-910044-00316",2024-05-18,2024-10-18,5,28679853,,28679853,MATURED,1.97,2024-05-18
315,238,1,"280-910044-00315",2025-09-02,2026-08-02,11,47228496,,47228496,ACTIVE,1.81,2024-05-18
317,239,4,"280-910044-00317",2024-05-18,2028-06-18,49,,245431,5890344,ACTIVE,3.13,2024-05-18
322,240,8,"280-910044-00322",2018-10-25,2021-10-25,36,,300000,10800000,MATURED,5.79,2018-05-20
321,240,8,"280-910044-00321",2018-11-23,2021-11-23,36,,153124,5512464,MATURED,5.93,2021-05-19
324,241,9,"280-910044-00324",2018-09-09,2019-11-09,14,,197046,2758644,MATURED,2.34,2025-05-18
323,241,9,"280-910044-00323",2018-05-20,2021-02-20,33,,186208,6144864,MATURED,2.41,2021-05-19
325,242,9,"280-910044-00325",2022-07-12,2025-05-12,34,,642559,21847006,MATURED,2.56,2011-05-22
327,243,8,"280-910044-00327",2023-12-10,2026-12-10,36,,300000,8700000,ACTIVE,5.52,2023-05-19
326,243,8,"280-910044-00326",2022-09-02,2025-09-02,36,,300000,10800000,MATURED,5.96,2024-05-18
329,244,4,"280-910044-00329",2020-02-05,2022-08-05,30,,771242,23137260,MATURED,3.01,2023-05-19
328,244,4,"280-910044-00328",2024-11-26,2029-05-26,54,,877395,14915715,ACTIVE,3.02,2016-05-20
332,245,6,"280-910044-00332",2023-12-28,2025-10-28,22,,174872,3847184,MATURED,3.48,2020-05-19
331,245,6,"280-910044-00331",2020-09-04,2022-07-04,22,,312900,6883800,MATURED,2.31,2022-05-19
330,245,6,"280-910044-00330",2025-07-02,2027-07-02,24,,269554,2695540,ACTIVE,2.34,2019-05-20
334,246,7,"280-910044-00334",2023-07-09,2024-02-09,7,,132329,926303,MATURED,6.09,2023-05-19
333,246,7,"280-910044-00333",2023-05-19,2023-09-19,4,,199565,798260,MATURED,7.28,2023-05-19
337,247,3,"280-910044-00337",2018-05-20,2021-02-20,33,,580937,19170921,MATURED,2.02,2020-05-19
336,247,3,"280-910044-00336",2023-05-04,2025-10-04,29,,636854,18468766,MATURED,3.09,2018-05-20
335,247,3,"280-910044-00335",2020-10-14,2023-03-14,29,,104672,3035488,MATURED,2.82,2018-05-20
339,248,9,"280-910044-00339",2023-06-17,2025-09-17,27,,621431,16778637,MATURED,2.70,2008-05-22
338,248,9,"280-910044-00338",2023-10-25,2024-07-25,9,,706881,6361929,MATURED,2.56,2012-05-21
340,249,3,"280-910044-00340",2026-02-18,2030-02-18,48,,100157,200314,ACTIVE,1.51,2023-05-19
344,250,8,"280-910044-00344",2020-09-16,2023-09-16,36,,300000,10800000,MATURED,5.93,2017-05-20
343,250,8,"280-910044-00343",2017-05-20,2020-05-20,36,,300000,10800000,MATURED,5.66,2017-05-20
346,251,9,"280-910044-00346",2025-05-29,2026-05-29,12,,16401,180411,ACTIVE,2.59,2025-05-18
345,251,9,"280-910044-00345",2025-05-18,2027-11-18,30,,99844,1198128,ACTIVE,2.21,2025-05-18
347,252,4,"280-910044-00347",2021-08-01,2023-07-01,23,,347865,8000895,MATURED,3.27,2012-05-21
348,253,1,"280-910044-00348",2016-12-03,2018-01-03,13,25769644,,25769644,MATURED,1.99,2014-05-21
351,254,5,"280-910044-00351",2018-06-25,2019-06-25,12,,300000,3600000,MATURED,2.50,2009-05-22
350,254,5,"280-910044-00350",2021-12-24,2022-12-24,12,,300000,3600000,MATURED,3.03,2009-05-22
349,254,5,"280-910044-00349",2019-04-03,2020-04-03,12,,123672,1484064,MATURED,2.96,2023-05-19
354,255,7,"280-910044-00354",2018-06-28,2019-02-28,8,,234403,1875224,MATURED,4.44,2009-05-22
353,255,7,"280-910044-00353",2017-05-10,2017-09-10,4,,300000,1200000,MATURED,6.74,2024-05-18
352,255,7,"280-910044-00352",2020-06-14,2021-07-14,13,,300000,3900000,MATURED,9.43,2021-05-19
357,256,10,"280-910044-00357",2017-11-25,2022-03-25,52,37533956,,37533956,MATURED,1.98,2017-05-20
356,256,10,"280-910044-00356",2017-10-22,2020-04-22,30,43871298,,43871298,MATURED,1.92,2017-05-20
355,256,10,"280-910044-00355",2018-07-12,2023-02-12,55,32746250,,32746250,MATURED,1.87,2020-05-19
359,257,9,"280-910044-00359",2023-06-15,2024-08-15,14,,359460,5032440,MATURED,2.72,2014-05-21
358,257,9,"280-910044-00358",2025-11-09,2027-07-09,20,,828411,4970466,ACTIVE,2.69,2019-05-20
360,258,7,"280-910044-00360",2022-04-25,2023-08-25,16,,53405,854480,MATURED,6.28,2025-05-18
363,259,4,"280-910044-00363",2022-05-19,2025-05-19,36,,143357,5160852,MATURED,2.92,2025-05-18
362,259,4,"280-910044-00362",2022-05-19,2022-12-19,7,,161453,1130171,MATURED,2.92,2022-05-19
361,259,4,"280-910044-00361",2022-05-19,2026-01-19,44,,242213,10657372,MATURED,3.31,2022-05-19
368,260,8,"280-910044-00368",2016-09-19,2019-09-19,36,,300000,10800000,MATURED,5.90,2001-05-24
367,260,8,"280-910044-00367",2025-05-31,2028-05-31,36,,300000,3300000,ACTIVE,5.97,2025-05-18
366,260,8,"280-910044-00366",2018-05-31,2021-05-31,36,,300000,10800000,MATURED,5.55,2021-05-19
365,260,8,"280-910044-00365",2017-09-25,2020-09-25,36,,300000,10800000,MATURED,5.97,2010-05-22
370,261,8,"280-910044-00370",2019-02-25,2022-02-25,36,,300000,10800000,MATURED,5.70,2008-05-22
369,261,8,"280-910044-00369",2019-08-26,2022-08-26,36,,300000,10800000,MATURED,5.78,2010-05-22
372,262,8,"280-910044-00372",2025-05-18,2028-05-18,36,,300000,3600000,ACTIVE,5.92,2025-05-18
371,262,8,"280-910044-00371",2025-05-18,2028-05-18,36,,300000,3600000,ACTIVE,5.84,2025-05-18
374,263,8,"280-910044-00374",2016-08-22,2019-08-22,36,,300000,10800000,MATURED,5.95,2016-05-20
373,263,8,"280-910044-00373",2020-03-09,2023-03-09,36,,300000,10800000,MATURED,5.55,2021-05-19
377,264,4,"280-910044-00377",2024-05-18,2028-05-18,48,,429957,10318968,ACTIVE,2.26,2024-05-18
376,264,4,"280-910044-00376",2025-12-12,2028-05-12,29,,441640,2208200,ACTIVE,2.59,2025-05-18
375,264,4,"280-910044-00375",2025-02-27,2030-09-27,67,,179534,2513476,ACTIVE,2.96,2024-05-18
380,265,8,"280-910044-00380",2023-02-22,2026-02-22,36,,204195,7351020,MATURED,5.87,2021-05-19
379,265,8,"280-910044-00379",2020-02-29,2023-02-28,36,,182119,6556284,MATURED,5.76,2021-05-19
378,265,8,"280-910044-00378",2019-09-26,2022-09-26,36,,247223,8900028,MATURED,5.51,2020-05-19
382,266,9,"280-910044-00382",2020-05-19,2021-06-19,13,,162414,2111382,MATURED,2.62,2020-05-19
381,266,9,"280-910044-00381",2025-06-22,2027-08-22,26,,938087,10318957,CLOSED,2.52,2020-05-19
384,267,9,"280-910044-00384",2023-07-07,2025-06-07,23,,92519,2127937,MATURED,2.57,2025-05-18
383,267,9,"280-910044-00383",2019-05-20,2019-12-20,7,,58309,408163,MATURED,2.37,2024-05-18
385,268,10,"280-910044-00385",2024-08-28,2027-09-28,37,33279100,,33279100,ACTIVE,1.44,2018-05-20
388,269,4,"280-910044-00388",2017-02-04,2019-02-04,24,,315072,7561728,MATURED,2.88,2003-05-24
387,269,4,"280-910044-00387",2020-05-02,2025-03-02,58,,332255,19270790,MATURED,2.40,2018-05-20
386,269,4,"280-910044-00386",2020-08-18,2022-03-18,19,,241560,4589640,MATURED,3.24,2003-05-24
392,270,8,"280-910044-00392",2018-03-22,2021-03-22,36,,100000,3600000,MATURED,5.80,2021-05-19
391,270,8,"280-910044-00391",2018-01-19,2021-01-19,36,,159702,5749272,MATURED,5.93,2021-05-19
393,271,2,"280-910044-00393",2022-06-10,2026-11-10,53,,200000,9400000,ACTIVE,3.83,2022-05-19
395,272,9,"280-910044-00395",2018-05-20,2019-07-20,14,,636154,8906156,MATURED,2.43,2021-05-19
394,272,9,"280-910044-00394",2022-07-04,2024-11-04,28,,821383,22998724,MATURED,2.40,2018-05-20
396,273,8,"280-910044-00396",2026-04-06,2029-04-06,36,,300000,300000,ACTIVE,5.61,2018-05-20
398,274,3,"280-910044-00398",2025-05-19,2027-06-19,25,,849436,10193232,ACTIVE,1.96,2011-05-22
397,274,3,"280-910044-00397",2020-09-02,2023-03-02,30,,368526,11055780,MATURED,1.53,2012-05-21
399,275,4,"280-910044-00399",2019-02-08,2024-09-08,67,,918441,61535547,MATURED,2.18,2017-05-20
402,276,2,"280-910044-00402",2021-05-19,2024-06-19,37,,167697,6204789,MATURED,4.84,2023-05-19
401,276,2,"280-910044-00401",2021-05-19,2023-12-19,31,,200000,6200000,MATURED,4.08,2021-05-19
400,276,2,"280-910044-00400",2022-02-28,2024-10-28,32,,200000,6400000,MATURED,4.35,2021-05-19
404,277,4,"280-910044-00404",2025-05-18,2028-03-18,34,,222828,2673936,ACTIVE,3.16,2025-05-18
403,277,4,"280-910044-00403",2025-05-18,2030-11-18,66,,117911,1414932,ACTIVE,2.98,2025-05-18
406,278,7,"280-910044-00406",2026-03-31,2026-11-30,8,,300000,300000,ACTIVE,6.24,2009-05-22
405,278,7,"280-910044-00405",2023-01-20,2023-11-20,10,,300000,3000000,MATURED,4.13,2017-05-20
409,279,3,"280-910044-00409",2023-03-20,2025-08-20,29,,203016,5887464,MATURED,2.41,2022-05-19
408,279,3,"280-910044-00408",2020-05-19,2022-11-19,30,,206724,6201720,MATURED,3.25,2025-05-18
407,279,3,"280-910044-00407",2021-12-02,2025-09-02,45,,437813,19701585,MATURED,1.90,2020-05-19
412,280,6,"280-910044-00412",2023-06-02,2024-06-02,12,,350400,4204800,MATURED,3.50,2014-05-21
413,281,1,"280-910044-00413",2022-05-19,2025-01-19,32,6971570,,6971570,MATURED,2.02,2022-05-19
415,282,8,"280-910044-00415",2024-06-08,2027-06-08,36,,300000,6900000,ACTIVE,5.84,2023-05-19
414,282,8,"280-910044-00414",2020-07-07,2023-07-07,36,,300000,10800000,MATURED,5.77,2023-05-19
416,283,2,"280-910044-00416",2023-01-14,2026-06-14,41,,200000,8000000,ACTIVE,4.76,2013-05-21
419,284,8,"280-910044-00419",2025-05-01,2028-05-01,36,,300000,3600000,ACTIVE,5.86,2020-05-19
418,284,8,"280-910044-00418",2022-11-22,2025-11-22,36,,300000,10800000,MATURED,5.51,2020-05-19
417,284,8,"280-910044-00417",2020-05-19,2023-05-19,36,,300000,10800000,MATURED,5.81,2024-05-18
421,285,1,"280-910044-00421",2021-10-28,2024-02-28,28,19370308,,19370308,MATURED,1.96,2008-05-22
420,285,1,"280-910044-00420",2024-11-30,2025-10-30,11,49505371,,49505371,MATURED,1.82,2025-05-18
422,286,10,"280-910044-00422",2022-07-10,2025-10-10,39,41399889,,41399889,MATURED,2.12,2016-05-20
423,287,8,"280-910044-00423",2020-05-19,2023-05-19,36,,215916,7772976,MATURED,5.72,2020-05-19
424,288,3,"280-910044-00424",2019-05-20,2021-01-20,20,,356195,7123900,MATURED,2.53,2019-05-20
426,289,10,"280-910044-00426",2019-01-26,2021-06-26,29,46676103,,46676103,MATURED,2.10,2025-05-18
425,289,10,"280-910044-00425",2017-12-19,2022-06-19,54,45214968,,45214968,MATURED,1.42,2005-05-23
430,290,10,"280-910044-00430",2025-03-24,2027-05-24,26,38264067,,38264067,ACTIVE,1.82,2009-05-22
429,290,10,"280-910044-00429",2016-07-01,2016-08-01,1,7051768,,7051768,MATURED,1.99,2016-05-20
428,290,10,"280-910044-00428",2021-05-18,2022-02-18,9,38371007,,38371007,MATURED,1.58,2012-05-21
432,291,4,"280-910044-00432",2026-02-22,2030-01-22,47,,676963,1353926,ACTIVE,3.19,2017-05-20
431,291,4,"280-910044-00431",2023-10-11,2028-04-11,54,,621877,19278187,ACTIVE,2.50,2013-05-21
436,292,8,"280-910044-00436",2020-03-01,2023-03-01,36,,105260,3789360,MATURED,5.94,2018-05-20
435,292,8,"280-910044-00435",2019-07-18,2022-07-18,36,,161618,5818248,MATURED,5.61,2024-05-18
434,292,8,"280-910044-00434",2016-10-20,2019-10-20,36,,189607,6825852,MATURED,5.62,2018-05-20
433,292,8,"280-910044-00433",2021-06-12,2024-06-12,36,,231265,8325540,MATURED,5.68,2024-05-18
439,293,7,"280-910044-00439",2020-05-19,2021-04-19,11,,226166,2487826,MATURED,10.13,2020-05-19
438,293,7,"280-910044-00438",2020-05-19,2021-01-19,8,,172955,1383640,MATURED,10.35,2020-05-19
437,293,7,"280-910044-00437",2021-09-13,2023-07-13,22,,154870,3407140,MATURED,4.72,2023-05-19
441,294,7,"280-910044-00441",2025-12-11,2026-09-11,9,,300000,1500000,ACTIVE,4.18,2015-05-21
440,294,7,"280-910044-00440",2019-06-14,2020-03-14,9,,245679,2211111,MATURED,7.07,2020-05-19
443,295,9,"280-910044-00443",2017-03-22,2017-10-22,7,,300777,2105439,MATURED,2.57,2020-05-19
442,295,9,"280-910044-00442",2025-11-29,2027-10-29,23,,423060,2115300,ACTIVE,2.49,2023-05-19
445,296,10,"280-910044-00445",2019-11-30,2020-03-30,4,16553578,,16553578,MATURED,2.19,2008-05-22
444,296,10,"280-910044-00444",2022-01-29,2026-08-29,55,24262103,,24262103,ACTIVE,1.48,2020-05-19
448,297,1,"280-910044-00448",2025-10-10,2027-04-10,18,4081385,,4081385,ACTIVE,1.85,2012-05-21
447,297,1,"280-910044-00447",2016-10-13,2017-06-13,8,33896737,,33896737,MATURED,2.13,2006-05-23
446,297,1,"280-910044-00446",2021-11-14,2024-08-14,33,18670535,,18670535,MATURED,2.12,2004-05-23
450,298,8,"280-910044-00450",2017-03-12,2020-03-12,36,,300000,10800000,MATURED,5.54,2013-05-21
449,298,8,"280-910044-00449",2024-12-08,2027-12-08,36,,300000,5100000,ACTIVE,5.80,2013-05-21
452,299,9,"280-910044-00452",2023-12-10,2026-12-10,36,,54983,1594507,ACTIVE,2.38,2023-05-19
451,299,9,"280-910044-00451",2023-05-19,2024-11-19,18,,114060,2053080,MATURED,2.71,2023-05-19
458,300,1,"280-910044-00458",2025-05-21,2027-07-21,26,24607883,,24607883,CLOSED,1.97,2025-05-18
457,300,1,"280-910044-00457",2025-12-23,2026-03-23,3,3459771,,3459771,MATURED,1.89,2025-05-18
